{
    "Price-CAT": {
        "Rates": [
            0.055302, 
            0.075804, 
            0.103907, 
            0.142428, 
            0.195229, 
            0.267606, 
            0.366814, 
            0.502802, 
            0.689203, 
            0.944708, 
            1.294936, 
            1.775001, 
            2.43304, 
            3.33503, 
            4.571411, 
            6.26615, 
            8.589172, 
            11.773399, 
            16.1381, 
            22.120907
        ], 
        "SiteCategories": [
            9, 
            13, 
            9, 
            7, 
            9, 
            9, 
            9, 
            8, 
            8, 
            9, 
            9, 
            8, 
            8, 
            11, 
            9, 
            7, 
            10, 
            9, 
            10, 
            7, 
            9, 
            10, 
            8, 
            10, 
            9, 
            9, 
            9, 
            9, 
            9, 
            9, 
            11, 
            10, 
            9, 
            11, 
            10, 
            9, 
            9, 
            8, 
            10, 
            10, 
            8, 
            8, 
            9, 
            7, 
            9, 
            13, 
            9, 
            9, 
            13, 
            9, 
            9, 
            11, 
            10, 
            8, 
            12, 
            8, 
            9, 
            12, 
            9, 
            9, 
            13, 
            10, 
            9, 
            12, 
            10, 
            9, 
            11, 
            9, 
            9, 
            10, 
            8, 
            7, 
            13, 
            9, 
            9, 
            12, 
            11, 
            8, 
            12, 
            8, 
            9, 
            13, 
            10, 
            7, 
            11, 
            9, 
            10, 
            8, 
            10, 
            9, 
            11, 
            9, 
            9, 
            9, 
            11, 
            10, 
            11, 
            8, 
            9, 
            8, 
            8, 
            9, 
            11, 
            10, 
            9, 
            9, 
            10, 
            9, 
            10, 
            9, 
            7, 
            10, 
            10, 
            9, 
            10, 
            7, 
            7, 
            12, 
            11, 
            9, 
            13, 
            8, 
            7, 
            13, 
            10, 
            9, 
            11, 
            9, 
            8, 
            12, 
            12, 
            8, 
            9, 
            12, 
            13, 
            9, 
            8, 
            10, 
            9, 
            8, 
            11, 
            7, 
            8, 
            12, 
            10, 
            8, 
            12, 
            10, 
            11, 
            11, 
            8, 
            8, 
            13, 
            8, 
            8, 
            12, 
            10, 
            8, 
            12, 
            10, 
            8, 
            13, 
            10, 
            6, 
            12, 
            8, 
            9, 
            10, 
            7, 
            6, 
            6, 
            8, 
            8, 
            14, 
            12, 
            6, 
            9, 
            10, 
            9, 
            8, 
            9, 
            9, 
            8, 
            7, 
            8, 
            12, 
            9, 
            9, 
            12, 
            9, 
            10, 
            13, 
            13, 
            8, 
            10, 
            11, 
            11, 
            12, 
            11, 
            8, 
            12, 
            9, 
            7, 
            12, 
            11, 
            10, 
            12, 
            6, 
            8, 
            8, 
            9, 
            9, 
            10, 
            12, 
            8, 
            8, 
            11, 
            6, 
            12, 
            8, 
            9, 
            9, 
            10, 
            10, 
            10, 
            11, 
            9, 
            14, 
            9, 
            6, 
            13, 
            11, 
            6, 
            13, 
            13, 
            6, 
            13, 
            8, 
            10, 
            8, 
            9, 
            12, 
            9, 
            8, 
            10, 
            10, 
            9, 
            12, 
            11, 
            10, 
            11, 
            8, 
            10, 
            10, 
            10, 
            11, 
            11, 
            10, 
            11, 
            10, 
            8, 
            12, 
            8, 
            8, 
            13, 
            8, 
            6, 
            14, 
            7, 
            10, 
            10, 
            10, 
            7, 
            12, 
            7, 
            10, 
            13, 
            10, 
            9, 
            13, 
            12, 
            10, 
            11, 
            12, 
            10, 
            10, 
            8, 
            9, 
            11, 
            9, 
            9, 
            12, 
            7, 
            8, 
            14, 
            7, 
            8, 
            10, 
            10, 
            9, 
            9, 
            9, 
            7, 
            8, 
            5, 
            7, 
            10, 
            9, 
            9, 
            9, 
            9, 
            8, 
            10, 
            10, 
            9, 
            12, 
            6, 
            8, 
            13, 
            8, 
            10, 
            11, 
            10, 
            11, 
            13, 
            8, 
            8, 
            13, 
            9, 
            9, 
            11, 
            7, 
            8, 
            12, 
            11, 
            9, 
            9, 
            7, 
            8, 
            13, 
            11, 
            10, 
            11, 
            10, 
            9, 
            13, 
            8, 
            10, 
            14, 
            8, 
            9, 
            9, 
            9, 
            8, 
            13, 
            10, 
            10, 
            12, 
            12, 
            8, 
            11, 
            11, 
            8, 
            14, 
            8, 
            8, 
            13, 
            12, 
            9, 
            13, 
            7, 
            8, 
            12, 
            6, 
            8, 
            10, 
            7, 
            9, 
            10, 
            8, 
            9, 
            13, 
            8, 
            8, 
            13, 
            8, 
            9, 
            13, 
            10, 
            8, 
            10, 
            7, 
            9, 
            11, 
            10, 
            9, 
            14, 
            8, 
            9, 
            11, 
            7, 
            10, 
            7, 
            13, 
            7, 
            8, 
            10, 
            8, 
            8, 
            13, 
            7, 
            6, 
            13, 
            8, 
            8, 
            11, 
            7, 
            10, 
            11, 
            10, 
            9, 
            12, 
            10, 
            9, 
            13, 
            12, 
            9, 
            10, 
            9, 
            11, 
            8, 
            12, 
            9, 
            8, 
            8, 
            12, 
            8, 
            9, 
            8, 
            8, 
            9, 
            9, 
            8, 
            11, 
            10, 
            9, 
            7, 
            10, 
            7, 
            6, 
            14, 
            8, 
            5, 
