{
    "Price-CAT": {
        "Rates": [
            0.050841, 
            0.069689, 
            0.095525, 
            0.130938, 
            0.17948, 
            0.246018, 
            0.337224, 
            0.462241, 
            0.633606, 
            0.868499, 
            1.190474, 
            1.631814, 
            2.236769, 
            3.065996, 
            4.20264, 
            5.760666, 
            7.896292, 
            10.82365, 
            14.836255, 
            20.336433
        ], 
        "SiteCategories": [
            5, 
            7, 
            5, 
            10, 
            9, 
            10, 
            11, 
            8, 
            12, 
            11, 
            10, 
            12, 
            10, 
            8, 
            9, 
            10, 
            11, 
            9, 
            11, 
            8, 
            10, 
            11, 
            11, 
            9, 
            12, 
            10, 
            8, 
            13, 
            10, 
            10, 
            13, 
            7, 
            9, 
            10, 
            9, 
            9, 
            12, 
            10, 
            11, 
            13, 
            11, 
            10, 
            11, 
            11, 
            8, 
            12, 
            11, 
            10, 
            11, 
            8, 
            9, 
            11, 
            11, 
            10, 
            11, 
            11, 
            7, 
            12, 
            7, 
            8, 
            11, 
            11, 
            11, 
            11, 
            10, 
            9, 
            11, 
            9, 
            9, 
            12, 
            10, 
            10, 
            13, 
            10, 
            8, 
            12, 
            10, 
            10, 
            12, 
            11, 
            9, 
            12, 
            10, 
            9, 
            12, 
            12, 
            9, 
            12, 
            8, 
            11, 
            13, 
            12, 
            6, 
            12, 
            12, 
            10, 
            13, 
            9, 
            11, 
            11, 
            10, 
            9, 
            12, 
            10, 
            9, 
            11, 
            9, 
            9, 
            12, 
            10, 
            8, 
            12, 
            9, 
            8, 
            11, 
            8, 
            8, 
            11, 
            11, 
            10, 
            10, 
            11, 
            7, 
            12, 
            11, 
            9, 
            12, 
            9, 
            10, 
            11, 
            8, 
            8, 
            13, 
            8, 
            6, 
            8, 
            8, 
            8, 
            7, 
            10, 
            9, 
            12, 
            9, 
            8, 
            10, 
            9, 
            9, 
            6, 
            12, 
            9, 
            13, 
            7, 
            6, 
            11, 
            8, 
            8, 
            8, 
            7, 
            8, 
            11, 
            7, 
            6, 
            11, 
            10, 
            7, 
            13, 
            9, 
            10, 
            11, 
            11, 
            10, 
            12, 
            9, 
            8, 
            8, 
            8, 
            8, 
            12, 
            9, 
            8, 
            13, 
            9, 
            8, 
            14, 
            11, 
            11, 
            14, 
            7, 
            7, 
            12, 
            8, 
            7, 
            12, 
            11, 
            7, 
            13, 
            12, 
            11, 
            12, 
            9, 
            9, 
            13, 
            9, 
            8, 
            12, 
            7, 
            7, 
            10, 
            9, 
            9, 
            13, 
            7, 
            8, 
            13, 
            8, 
            8, 
            14, 
            11, 
            9, 
            14, 
            7, 
            8, 
            11, 
            12, 
            9, 
            14, 
            12, 
            12, 
            13, 
            13, 
            8, 
            13, 
            6, 
            7, 
            6, 
            9, 
            11, 
            13, 
            11, 
            10, 
            13, 
            9, 
            10, 
            11, 
            9, 
            10, 
            14, 
            11, 
            9, 
            13, 
            8, 
            5, 
            14, 
            11, 
            10, 
            12, 
            6, 
            8, 
            13, 
            8, 
            6, 
            14, 
            9, 
            8, 
            14, 
            13, 
            6, 
            13, 
            11, 
            11, 
            12, 
            12, 
            10, 
            14, 
            13, 
            8, 
            12, 
            8, 
            11, 
            14, 
            12, 
            6, 
            12, 
            12, 
            7, 
            11, 
            12, 
            7, 
            14, 
            8, 
            8, 
            12, 
            8, 
            7, 
            12, 
            7, 
            7, 
            7, 
            11, 
            6, 
            11, 
            9, 
            7, 
            10, 
            10, 
            7, 
            11, 
            8, 
            8, 
            12, 
            12, 
            10, 
            13, 
            6, 
            7, 
            9, 
            6, 
            8, 
            8, 
            8, 
            8, 
            8, 
            9, 
            10, 
            14, 
            7, 
            7, 
            7, 
            10, 
            7, 
            12, 
            7, 
            8, 
            13, 
            7, 
            8, 
            8, 
            6, 
            7, 
            12, 
            10, 
            7, 
            12, 
            8, 
            10, 
            11, 
            11, 
            7, 
            13, 
            11, 
            10, 
            14, 
            8, 
            8, 
            10, 
            5, 
            5, 
            12, 
            9, 
            6, 
            14, 
            11, 
            9, 
            13, 
            12, 
            7, 
            12, 
            13, 
            8, 
            14, 
            7, 
            6, 
            12, 
            10, 
            10, 
            13, 
            6, 
            7, 
            14, 
            9, 
            8, 
            13, 
            10, 
            8, 
            13, 
            10, 
            6, 
            14, 
            7, 
            6, 
            11, 
            12, 
            10, 
            13, 
            12, 
            8, 
            14, 
            11, 
            6, 
            12, 
            12, 
            7, 
            11, 
            12, 
            7, 
            13, 
            11, 
            10, 
            12, 
            11, 
            11, 
            11, 
            8, 
            9, 
            10, 
            11, 
            10, 
            12, 
            11, 
            10, 
            13, 
            11, 
            6, 
            12, 
            6, 
            6, 
            13, 
            8, 
            8, 
            14, 
            9, 
            7, 
            13, 
            13, 
            7, 
            14, 
            6, 
            8, 
            13, 
            10, 
            10, 
            13, 
            12, 
            9, 
            12, 
            9, 
            11, 
            13, 
            6, 
            11, 
